{"record_count":1,"keys":["id","values"],"records":[{"id":2,"values":[1.10000000000000009,2.20000000000000018,3.29999999999999982,-4.40000000000000036,0.0,10000000000000000159028911097599180468360808563945281389781327557747838772170381060813469985856815104.0]}]}